{"files":{},"open-pages":["index.html"],"urls":{"index.html":{"open-with-wrapper":false,"open-page-views":[{"w":1024,"h":0}]}},"recent-classes":["mt-2","p-2","text-white","p-3","bg-danger","text-center","container-fluid","d-sm-block","d-none","col-sm-6","col-sm-5","m-2","justify-content-center","px-5","m-auto","align-content-center","align-items-center","my-4","my-5","my-3","m-3","col-md-3","mx-2","p-5","row","col-md-4","p-1","col-12","gap-3","flex-wrap","d-flex","mx-1","mx-3","col-4","py-3","col","mt-5","p-0"],"source-project-url":"https://tutorial_new_bs"}